City_ID,City,Lat,Lng,Max Temp,Humidity,Cloudiness,Wind Speed,Country,Date
0,fale old settlement,-9.3852,-171.2468,28.24,72,76,4.67,TK,1704673305
1,bhamo,24.2667,97.2333,11.07,69,1,0.68,MM,1704673306
2,casa grande,32.8795,-111.7573,10.09,53,100,7.2,US,1704673306
3,bel ombre,-4.6167,55.4167,27.91,78,20,2.57,SC,1704673306
4,atbasar,51.8,68.3333,-0.76,97,100,8.57,KZ,1704673306
5,mikuni,36.2171,136.1519,2.95,66,99,6.76,JP,1704673306
6,ushuaia,-54.8,-68.3,8.81,53,0,7.2,AR,1704673306
7,saint-francois,46.4154,3.9054,1.69,93,100,4.12,FR,1704673306
8,seydi,39.4816,62.9137,3.61,72,2,3.43,TM,1704673306
9,george town,5.4112,100.3354,26.08,90,20,1.03,MY,1704673280
10,port lincoln,-34.7333,135.8667,16.92,74,100,6.68,AU,1704673306
11,st. john's,47.5649,-52.7093,-4.92,78,20,10.29,CA,1704673306
12,isafjordur,66.0755,-23.124,4.41,95,99,5.54,IS,1704673306
13,iqaluit,63.7506,-68.5145,-23.15,77,75,1.03,CA,1704673306
14,bethel,41.3712,-73.414,1.05,75,100,1.54,US,1704673185
15,port-aux-francais,-49.35,70.2167,8.06,94,98,14.51,TF,1704673306
16,constantia,44.1833,28.65,5.38,93,100,4.92,RO,1704673307
17,adamstown,-25.066,-130.1015,22.61,75,100,6.44,PN,1704673307
18,margaret river,-33.95,115.0667,22.79,55,88,1.44,AU,1704673307
19,kapuskasing,49.4169,-82.4331,-8.95,86,100,5.14,CA,1704673083
20,taoudenni,22.6783,-3.9836,21.19,25,0,2.45,ML,1704673307
21,kavaratti,10.5669,72.642,28.06,73,98,3.57,IN,1704673307
22,novoselytsya,48.2193,26.2653,-2.38,93,100,5.37,UA,1704673307
23,huatabampo,26.8333,-109.6333,18.79,47,0,4.52,MX,1704673307
24,olonkinbyen,70.9221,-8.7187,1.86,80,100,10.68,SJ,1704673307
25,san luis de la loma,17.2706,-100.8939,25.9,73,100,0.76,MX,1704673307
26,yellowknife,62.456,-114.3525,-34.28,79,75,1.54,CA,1704673307
27,albany,42.6001,-73.9662,-0.51,89,99,1.31,US,1704673307
28,nabire,-3.3667,135.4833,25.24,89,100,0.23,ID,1704673308
29,tari,12.4086,4.4914,22.3,13,23,4.45,NG,1704673308
30,sabang,5.8933,95.3214,26.71,85,98,9.16,ID,1704673034
31,zhanaozen,43.3,52.8,4.95,79,87,4.44,KZ,1704673308
32,kodinsk,58.6881,99.1844,-28.64,100,90,1.82,RU,1704673308
33,fortuna,40.5982,-124.1573,9.25,80,100,0.89,US,1704673308
34,ust-nera,64.5667,143.2,-43.8,98,82,1.61,RU,1704673308
35,nishinoomote,30.7333,131.0,8.31,65,40,6.17,JP,1704673308
36,east london,-33.0153,27.9116,19.7,89,90,1.73,ZA,1704673308
37,dryden,49.7833,-92.7503,-14.84,85,20,1.54,CA,1704673233
38,west island,-12.1568,96.8225,26.99,89,40,7.2,CC,1704673308
39,awjilah,29.1081,21.2869,12.45,26,10,2.98,LY,1704673308
40,tiksi,71.6872,128.8694,-33.75,96,47,3.13,RU,1704673308
41,nar'yan-mar,67.6713,53.087,-14.94,94,62,4.02,RU,1704673308
42,port mathurin,-19.6833,63.4167,25.05,88,40,1.03,MU,1704673308
43,bredasdorp,-34.5322,20.0403,15.87,78,72,1.54,ZA,1704673308
44,jasper,37.2001,-94.3502,8.08,46,0,2.57,US,1704673309
45,labytnangi,66.6572,66.4183,-29.0,100,65,0.98,RU,1704673309
46,la sarre,48.8002,-79.1996,-11.29,97,92,0.88,CA,1704673309
47,aasiaat,68.7098,-52.8699,-10.64,76,100,6.38,GL,1704673309
48,ilulissat,69.2167,-51.1,-6.99,68,100,7.72,GL,1704673309
49,waitangi,-43.9535,-176.5597,14.9,66,49,3.56,NZ,1704673309
50,grytviken,-54.2811,-36.5092,5.29,75,38,0.91,GS,1704673309
51,punta arenas,-53.15,-70.9167,9.06,61,100,8.75,CL,1704673232
52,puerto ayora,-0.7393,-90.3518,25.31,94,100,1.79,EC,1704673309
53,remire-montjoly,4.9167,-52.2667,27.02,74,0,2.57,GF,1704673309
54,richlands,37.0932,-81.7937,2.76,93,100,2.06,US,1704673309
55,utrik,11.2278,169.8474,26.67,67,38,8.01,MH,1704673309
56,florida,28.7505,-82.5001,12.64,90,0,0.0,US,1704673083
57,itati,-27.2704,-58.2446,28.65,62,34,4.31,AR,1704673309
58,alcaniz,41.05,-0.1333,4.22,71,4,12.67,ES,1704673309
59,balabac,7.9868,117.0645,27.73,82,60,7.66,PH,1704673310
60,caleta de carquin,-11.0925,-77.6267,22.79,82,71,4.17,PE,1704673040
61,papatowai,-46.5619,169.4708,17.95,59,100,2.2,NZ,1704673310
62,labrador city,52.9463,-66.9114,-30.05,76,0,0.0,CA,1704673310
63,whitby,54.4877,-0.615,4.52,80,65,0.45,GB,1704672773
64,puerto natales,-51.7236,-72.4875,8.68,62,71,8.32,CL,1704673310
65,puerto baquerizo moreno,-0.9,-89.6,24.93,82,94,4.05,EC,1704673310
66,invercargill,-46.4,168.35,20.01,66,100,0.89,NZ,1704673023
67,el granada,37.5027,-122.4694,13.01,62,0,8.23,US,1704673310
68,placetas,22.3119,-79.6533,23.35,89,86,2.81,CU,1704673310
69,winkler,49.1817,-97.941,-14.88,78,95,2.57,CA,1704673310
70,ar ruseris,11.8659,34.3869,23.65,25,7,2.8,SD,1704673310
71,talnakh,69.4865,88.3972,-22.11,98,100,4.65,RU,1704673310
72,cadale,2.7603,46.3222,25.0,72,24,9.99,SO,1704673310
73,stanley,54.868,-1.6985,2.1,96,40,0.0,GB,1704673310
74,extrema,-22.8547,-46.3183,20.36,82,66,2.04,BR,1704673310
75,khust,48.1793,23.2991,2.41,61,93,3.46,UA,1704673310
76,new norfolk,-42.7826,147.0587,15.72,93,100,1.88,AU,1704673311
77,blackmans bay,-43.0167,147.3167,15.07,94,100,0.45,AU,1704673311
78,sarikei,2.1167,111.5167,24.07,96,100,0.76,MY,1704673311
79,nongstoin,25.5167,91.2667,6.96,56,0,1.85,IN,1704673311
80,thompson,55.7435,-97.8558,-27.91,83,20,1.03,CA,1704673201
81,kourou,5.1552,-52.6478,27.03,84,69,2.56,GF,1704673311
82,usinsk,65.9939,57.5281,-20.52,99,100,1.34,RU,1704673311
83,tafresh,34.692,50.013,3.33,17,0,2.4,IR,1704673311
84,kuusamo,65.9667,29.1833,-8.98,92,100,6.17,FI,1704673311
85,namibe,-15.1961,12.1522,22.44,82,99,2.79,AO,1704673311
86,pirai,-22.6292,-43.8981,22.49,98,23,0.49,BR,1704673311
87,pahrump,36.2083,-115.9839,7.36,28,15,5.81,US,1704673311
88,longyearbyen,78.2186,15.6401,-17.09,66,75,6.17,SJ,1704673311
89,vernon,50.2581,-119.2691,1.34,69,90,0.51,CA,1704672982
90,hamilton,39.1834,-84.5333,2.97,79,100,4.92,US,1704673312
91,iskateley,67.6803,53.1512,-14.99,94,67,4.02,RU,1704673312
92,guarapari,-20.6667,-40.4975,23.85,88,52,2.29,BR,1704673312
93,kokoda,-8.8785,147.7407,30.41,71,91,1.66,PG,1704673312
94,fort mcmurray,56.7268,-111.381,-20.23,77,100,2.06,CA,1704673312
95,port macquarie,-31.4333,152.9167,30.5,59,85,6.68,AU,1704673312
96,edinburgh of the seven seas,-37.0676,-12.3116,16.49,73,100,3.57,SH,1704673312
97,barcelos,41.5388,-8.6151,7.73,78,73,2.09,PT,1704673312
98,georgetown,5.4112,100.3354,26.08,90,20,1.03,MY,1704673312
99,tamanrasset,22.785,5.5228,8.95,15,0,2.06,DZ,1704673312
100,enewetak,11.3474,162.3373,27.11,70,7,9.47,MH,1704673312
101,tanggu,39.0211,117.6469,-7.02,55,30,2.24,CN,1704673312
102,lerwick,60.1545,-1.1494,5.0,82,97,5.0,GB,1704673313
103,ratnagiri,16.9833,73.3,24.25,58,53,2.06,IN,1704673313
104,vanimo,-2.6741,141.3028,27.56,85,99,1.9,PG,1704673313
105,bokajan,26.0167,93.7833,11.47,88,0,0.33,IN,1704673313
106,jamestown,42.097,-79.2353,0.57,100,100,4.12,US,1704673129
107,hithadhoo,-0.6,73.0833,28.11,76,99,4.98,MV,1704673313
108,goure,13.9835,10.2704,17.87,17,0,3.66,NE,1704673313
109,uruguaiana,-29.7547,-57.0883,22.96,94,40,1.54,BR,1704673313
110,meulaboh,4.1363,96.1285,24.48,85,77,1.82,ID,1704673313
111,vorgashor,67.5833,63.95,-21.35,99,100,3.47,RU,1704673290
112,booue,-0.0921,11.9385,23.43,94,72,0.72,GA,1704673313
113,mejit,10.2753,170.8646,26.67,64,49,6.99,MH,1704673313
114,pandan,14.0453,124.1694,25.99,88,91,7.42,PH,1704673313
115,mawu,29.5923,107.3139,8.88,84,100,0.69,CN,1704673313
116,pisco,-13.7,-76.2167,23.03,83,0,9.26,PE,1704673313
117,saipan,15.1355,145.701,29.39,79,40,6.69,MP,1704673314
118,port-gentil,-0.7193,8.7815,27.17,80,81,6.42,GA,1704673314
119,qaqortoq,60.7167,-46.0333,1.4,98,100,3.55,GL,1704673314
120,mount pearl,47.5166,-52.7813,-5.38,79,20,10.29,CA,1704673314
121,tolanaro,-25.0319,46.9987,23.04,100,40,5.14,MG,1704673314
122,nemuro,43.3236,145.575,-0.42,70,31,7.91,JP,1704673314
123,vieux fort,13.7167,-60.95,27.62,73,40,11.32,LC,1704673314
124,igarka,67.4667,86.5833,-25.82,97,100,6.86,RU,1704673314
125,nouadhibou,20.931,-17.0347,19.99,60,13,4.63,MR,1704673314
126,kayangel,8.0823,134.7173,28.46,80,100,6.96,PW,1704673314
127,yulinshi,38.2906,109.7494,-8.26,67,17,0.5,CN,1704673314
128,urengoy,65.9667,78.3667,-21.96,95,100,3.31,RU,1704673314
129,whitehorse,60.7161,-135.0538,-17.77,81,75,8.23,CA,1704673314
130,lensk,60.7253,114.9278,-23.2,89,98,5.66,RU,1704673314
131,badger,64.8,-147.5333,-10.07,81,40,0.0,US,1704673314
132,fort bragg,35.139,-79.006,10.75,50,0,3.09,US,1704673315
133,taulaga,-11.0553,-171.0883,28.44,72,96,4.23,AS,1704673315
134,ribeira grande,38.5167,-28.7,15.43,78,63,4.02,PT,1704673315
135,brandon,27.9378,-82.2859,15.13,75,0,2.06,US,1704673106
136,polyarnyy,69.1989,33.4478,-2.53,73,87,16.71,RU,1704673315
137,taishan,22.2514,112.7799,18.38,82,100,2.24,CN,1704673315
138,kozhevnikovo,56.2589,83.9714,-11.53,96,94,4.25,RU,1704673315
139,bantogon,6.5333,124.0333,27.43,74,100,0.91,PH,1704673315
140,lebu,-37.6167,-73.65,15.38,81,0,3.62,CL,1704673315
141,calingasta,-31.3308,-69.4078,27.32,17,0,1.54,AR,1704673315
142,jejuri,18.2833,74.1667,18.39,56,30,2.96,IN,1704673315
143,walvis bay,-22.9575,14.5053,17.53,88,2,5.66,NA,1704673315
144,katsuren-haebaru,26.3369,127.8719,19.43,60,75,2.06,JP,1704673315
145,avarua,-21.2078,-159.775,29.03,79,75,7.72,CK,1704673315
146,waat,51.1454,6.4958,-0.05,74,100,4.63,DE,1704673315
147,pacasmayo,-7.4006,-79.5714,23.37,77,85,5.13,PE,1704673315
148,tura,25.5198,90.2201,13.07,68,0,1.09,IN,1704673316
149,bull savanna,17.8868,-77.5902,23.97,82,4,3.82,JM,1704673316
150,atafu village,-8.5421,-172.5159,26.71,75,100,1.43,TK,1704673316
151,gadzhiyevo,69.2551,33.3362,-2.75,72,85,16.57,RU,1704673316
152,beatrice,40.2681,-96.747,0.66,86,0,5.66,US,1704673316
153,minas de marcona,-15.2119,-75.1103,18.54,73,100,5.54,PE,1704673316
154,sao luiz gonzaga,-28.4083,-54.9608,24.69,82,100,2.45,BR,1704673316
155,queenstown,-31.8976,26.8753,15.41,82,100,0.81,ZA,1704673316
156,la passe,45.5549,-0.8967,5.13,82,74,5.23,FR,1704673316
157,hotan,37.0997,79.9269,-2.37,42,84,1.39,CN,1704673316
158,sao gabriel da cachoeira,-0.1303,-67.0892,25.09,88,65,0.28,BR,1704673316
159,port elizabeth,-33.918,25.5701,18.94,94,75,6.17,ZA,1704673316
160,yacuiba,-22.038,-63.6797,31.57,40,28,4.87,BO,1704673316
161,mahdia,35.5047,11.0622,10.97,56,1,8.93,TN,1704673316
162,zaozersk,69.4005,32.4476,-4.8,90,58,10.59,RU,1704673317
163,leava,-14.3,-178.1667,28.38,79,100,4.88,WF,1704673317
164,saldanha,-33.0117,17.9442,16.03,76,0,10.38,ZA,1704673317
165,san patricio,28.017,-97.5169,19.91,67,96,7.21,US,1704673317
166,loreto,22.2667,-101.9667,17.43,37,52,8.17,MX,1704673317
167,carnarvon,-24.8667,113.6333,24.16,77,0,6.26,AU,1704673317
168,sudzha,51.1976,35.2726,-15.24,88,100,5.85,RU,1704673171
169,baicheng,45.6167,122.8167,-15.29,84,95,5.4,CN,1704673317
170,sao joao da barra,-21.6403,-41.0511,25.05,86,11,3.21,BR,1704673317
171,cambria,35.5641,-121.0808,14.3,65,0,3.58,US,1704673317
172,benalla,-36.55,145.9833,21.83,80,97,2.92,AU,1704673317
173,charters towers,-20.1,146.2667,29.58,57,87,2.96,AU,1704673317
174,tokar,18.4254,37.729,24.87,79,1,3.5,SD,1704673041
175,geraldton,-28.7667,114.6,27.23,65,2,5.14,AU,1704673152
176,ampanihy,-24.7,44.75,24.08,85,8,0.55,MG,1704673317
177,opoczno,51.3757,20.2783,-7.17,65,100,6.19,PL,1704673317
178,kodiak,57.79,-152.4072,2.73,70,0,1.54,US,1704673317
179,pankrushikha,53.8319,80.3406,-2.33,95,100,8.93,RU,1704673317
180,port alfred,-33.5906,26.891,17.88,95,100,1.34,ZA,1704673318
181,kangding,30.0513,101.9603,0.44,32,0,3.36,CN,1704673318
182,trincomalee,8.5711,81.2335,26.39,83,82,3.92,LK,1704673318
183,susuman,62.7833,148.1667,-38.34,98,97,1.34,RU,1704673318
184,callao,-12.0667,-77.15,25.4,69,75,8.23,PE,1704673318
185,al hazm,16.1641,44.7769,15.06,50,17,1.62,YE,1704673318
186,lincoln city,44.9582,-124.0179,8.16,89,96,1.79,US,1704673318
187,udachny,66.4167,112.4,-25.09,95,100,5.39,RU,1704673318
188,starotitarovskaya,45.2136,37.1439,9.26,80,100,3.31,RU,1704673318
189,arraial do cabo,-22.9661,-42.0278,24.58,86,6,5.6,BR,1704673318
190,argo,37.6333,22.7333,11.28,71,40,3.72,GR,1704673318
191,bilibino,68.0546,166.4372,-31.16,97,100,0.77,RU,1704673318
192,natal,-5.795,-35.2094,28.12,69,40,4.12,BR,1704673318
193,anadyr,64.75,177.4833,-14.72,92,100,4.0,RU,1704673319
194,dourbali,11.8091,15.8632,19.87,12,4,3.81,TD,1704673319
195,portland,45.5234,-122.6762,8.03,88,75,2.06,US,1704673141
196,puerto leguizamo,-0.1934,-74.7819,26.67,71,100,1.29,CO,1704673319
197,porto novo,6.4965,2.6036,28.9,83,15,2.74,BJ,1704673319
198,saudarkrokur,65.7461,-19.6394,5.32,89,100,9.09,IS,1704673319
199,emerald,-23.5333,148.1667,27.97,61,90,4.95,AU,1704673106
200,saint-joseph,-21.3667,55.6167,25.21,82,39,3.53,RE,1704673319
201,isangel,-19.55,169.2667,27.06,94,100,0.0,VU,1704673319
202,la'ie,21.6477,-157.9253,28.12,75,23,1.34,US,1704673319
203,island harbour,50.724,-1.2758,3.32,75,21,4.47,GB,1704673319
204,jinchang,38.4953,102.1739,-2.47,29,75,3.47,CN,1704673319
205,mount isa,-20.7333,139.5,26.87,83,100,2.57,AU,1704673319
206,hawaiian paradise park,19.5933,-154.9731,25.73,86,40,6.17,US,1704673319
207,vohibinany,-17.35,49.0333,24.39,98,96,0.49,MG,1704673319
208,tralee,52.2704,-9.7026,1.83,93,1,3.12,IE,1704673319
209,la ronge,55.1001,-105.2842,-24.86,77,20,0.51,CA,1704673319
210,onega,63.9061,38.1404,-11.77,88,99,4.57,RU,1704673319
211,ataq,14.5377,46.8319,14.41,50,45,2.0,YE,1704673320
212,palmer,42.1584,-72.3287,-2.14,80,100,2.54,US,1704673242
213,croix-des-bouquets,18.575,-72.225,26.79,74,6,1.54,HT,1704673260
214,thunder bay,48.4001,-89.3168,-12.01,78,0,3.6,CA,1704673120
215,lihue,21.9789,-159.3672,27.58,74,75,7.72,US,1704673320
216,turpan,42.9333,89.1667,-3.42,62,10,0.32,CN,1704673320
217,anaconda,46.1285,-112.9423,-4.45,87,100,0.87,US,1704673320
218,mountain home,43.133,-115.6912,-0.88,82,11,2.68,US,1704672512
219,sisimiut,66.9395,-53.6735,-10.18,83,100,6.15,GL,1704673320
220,luderitz,-26.6481,15.1594,17.99,76,52,11.97,NA,1704673320
221,lorengau,-2.0226,147.2712,28.71,77,90,2.05,PG,1704673320
222,el calafate,-50.3408,-72.2768,10.17,50,31,6.19,AR,1704673085
223,vorkuta,67.5,64.0,-21.13,99,100,3.43,RU,1704673287
224,fukuecho,32.6881,128.8419,5.2,60,75,1.03,JP,1704673320
225,vovchans'k,50.3003,36.9467,-16.33,87,100,6.63,UA,1704673320
226,bengkulu,-3.8004,102.2655,24.96,85,99,1.28,ID,1704673320
227,visakhapatnam,17.69,83.2093,20.92,74,51,3.1,IN,1704673169
228,darnah,32.767,22.6367,13.52,66,23,7.43,LY,1704673320
229,hadibu,12.65,54.0333,23.0,59,29,6.75,YE,1704673321
230,pokrovsk,48.282,37.1758,-6.14,94,100,7.74,UA,1704673321
231,alaghsas,17.0187,8.0168,19.09,17,5,4.28,NE,1704673321
232,bonny,4.4522,7.1681,27.77,83,21,4.94,NG,1704673321
233,san andres,12.5847,-81.7006,28.01,78,20,7.72,CO,1704673321
234,klaksvik,62.2266,-6.589,5.51,75,27,5.06,FO,1704673321
235,virginia,37.5481,-77.4467,8.43,65,0,3.09,US,1704673093
236,aykhal,66.0,111.5,-27.99,99,100,2.94,RU,1704673321
237,sarakhs,36.5449,61.1577,5.99,56,0,6.01,IR,1704673321
238,fisterra,42.9049,-9.2629,3.75,69,77,3.62,ES,1704673321
239,crane,31.3974,-102.3501,12.95,39,1,12.0,US,1704673322
240,kilindoni,-7.9139,39.6668,26.97,80,100,2.77,TZ,1704673322
241,husainabad,24.5333,84.0167,14.36,91,1,0.9,IN,1704673322
242,miyaly,48.8844,53.7836,-10.08,75,27,5.38,KZ,1704673322
243,petropavlovsk-kamchatsky,53.0452,158.6483,-15.86,78,20,5.36,RU,1704673322
244,marsabit,2.3284,37.9899,21.31,47,16,4.48,KE,1704673322
245,ulsteinvik,62.3432,5.8487,2.07,66,68,1.34,NO,1704673322
246,hermanus,-34.4187,19.2345,16.14,77,48,3.05,ZA,1704673323
247,happy valley-goose bay,53.3168,-60.3315,-13.83,47,100,9.77,CA,1704673323
248,sitka,57.0531,-135.33,4.94,52,100,8.75,US,1704673324
249,rauma,61.1272,21.5113,-2.98,90,45,4.82,FI,1704673324
250,ancud,-41.8697,-73.8203,13.91,82,52,3.39,CL,1704673324
251,ulladulla,-35.35,150.4667,20.05,96,100,4.38,AU,1704673324
252,pyt-yakh,60.7499,72.8582,-14.63,95,100,3.69,RU,1704673325
253,richards bay,-28.783,32.0377,23.03,96,93,2.47,ZA,1704673223
254,aripuana,-9.1667,-60.6333,23.44,98,87,1.11,BR,1704673325
255,magistral'nyy,56.1725,107.4458,-26.44,99,39,1.49,RU,1704673325
256,mirnyy,62.5353,113.9611,-28.76,75,98,7.15,RU,1704673325
257,lazaro cardenas,17.9583,-102.2,26.48,67,100,2.16,MX,1704673180
258,basudebpur,21.1353,86.7386,17.1,67,5,2.19,IN,1704673326
259,port blair,11.6667,92.75,25.84,79,4,4.96,IN,1704673326
260,taro,-8.3862,115.28,25.0,80,94,0.14,ID,1704673326
261,afaahiti,-17.75,-149.2833,28.93,81,53,4.67,PF,1704673326
262,makungu,-8.7333,35.2833,18.17,96,97,1.28,TZ,1704673326
263,seward,40.907,-97.0989,-0.5,85,100,5.36,US,1704673326
264,sinop,41.7711,34.8709,8.31,83,63,3.14,TR,1704673326
265,alofi,-19.0595,-169.9187,29.94,74,22,1.54,NU,1704673326
266,santo antonio do sudoeste,-26.0736,-53.7253,23.91,60,27,0.85,BR,1704673326
267,angaur state,6.906,134.13,28.23,80,100,5.66,PW,1704673326
268,yorkton,51.2167,-102.4677,-16.09,92,100,3.6,CA,1704673327
269,san antonio de pale,-1.4014,5.6325,27.21,77,20,2.99,GQ,1704673327
270,arteche,12.2645,125.4048,26.71,88,44,4.54,PH,1704673327
271,tocoa,15.6833,-86.0,26.79,93,12,0.44,HN,1704673327
272,okhotsk,59.3833,143.3,-33.31,82,31,4.44,RU,1704673327
273,amga,60.8953,131.9608,-49.02,100,70,0.5,RU,1704673327
274,turbat,26.0023,63.044,19.65,48,27,3.76,PK,1704673327
275,hilo,19.7297,-155.09,25.85,83,40,6.17,US,1704673223
276,lata,40.1629,-8.3327,3.37,79,39,1.49,PT,1704673327
277,hounde,11.5,-3.5167,26.79,16,69,1.53,BF,1704673327
278,vilyuchinsk,52.9306,158.4028,-15.04,84,18,2.88,RU,1704673327
279,kununurra,-15.7667,128.7333,26.99,83,100,3.6,AU,1704673328
280,tocopilla,-22.092,-70.1979,22.25,71,27,5.33,CL,1704673328
281,karratha,-20.7377,116.8463,33.99,24,4,7.23,AU,1704673328
282,colonia,50.9333,6.95,-0.02,64,100,7.2,DE,1704673282
283,college,64.8569,-147.8028,-10.03,79,100,0.0,US,1704673328
284,grand baie,-20.0182,57.5802,25.26,87,12,1.79,MU,1704673328
285,cabo san lucas,22.8909,-109.9124,24.23,48,0,6.17,MX,1704672629
286,fort st. john,56.2499,-120.8529,-22.06,84,20,2.57,CA,1704673328
287,ciudad lazaro cardenas,17.9583,-102.2,26.48,67,100,2.16,MX,1704673217
288,muisne,0.6,-80.0333,25.13,87,93,4.04,EC,1704673328
289,saladas,-28.2538,-58.6259,28.57,58,21,3.6,AR,1704673328
290,menongue,-14.6585,17.691,16.99,95,46,1.77,AO,1704673329
291,lushun,38.8,121.2667,-7.88,55,9,5.78,CN,1704673329
292,tarawa,1.419,172.984,28.63,76,100,5.89,KI,1704673329
293,weno,7.4515,151.8468,30.97,62,20,4.63,FM,1704673329
294,faya-largeau,17.9257,19.1043,19.36,14,5,6.24,TD,1704673329
295,isla vista,34.4133,-119.861,15.94,39,0,6.17,US,1704673329
296,wenling,28.3669,121.36,6.99,66,94,1.92,CN,1704673330
297,coahuayana de hidalgo,18.7,-103.6583,25.33,71,98,1.12,MX,1704673330
298,lompoc,34.6391,-120.4579,13.85,52,0,8.23,US,1704673330
299,kristinestad,62.2743,21.376,-3.83,89,72,4.91,FI,1704673330
300,codrington,-38.2667,141.9667,16.59,92,100,7.35,AU,1704673330
301,uturoa,-16.7333,-151.4333,27.43,76,62,3.88,PF,1704673330
302,skrunda,56.6833,22.0167,-13.3,76,0,1.3,LV,1704673330
303,humaita,-7.5061,-63.0208,26.01,82,23,0.54,BR,1704673331
304,nagqu,31.5,92.0,-16.64,57,0,1.76,CN,1704673331
305,nova sintra,14.8667,-24.7167,21.76,71,1,5.23,CV,1704673331
306,inongo,-1.95,18.2667,23.1,85,93,2.36,CD,1704673331
307,acajutla,13.5928,-89.8275,26.11,73,63,0.87,SV,1704673331
308,iquique,-20.2208,-70.1431,21.02,81,85,2.03,CL,1704673242
309,vico del gargano,41.8983,15.9576,6.7,83,100,1.96,IT,1704673332
310,huarmey,-10.0681,-78.1522,23.11,82,87,3.65,PE,1704673332
311,ankang,32.68,109.0172,5.77,76,98,0.83,CN,1704673332
312,hami,42.8,93.45,-7.92,74,59,1.53,CN,1704673332
313,kailua-kona,19.6406,-155.9956,26.98,76,40,4.12,US,1704673308
314,istaravshan,39.9142,69.0033,5.0,91,100,2.26,TJ,1704673332
315,acarau,-2.8856,-40.12,27.3,76,100,6.26,BR,1704673332
316,jieshi,22.8134,115.8257,14.91,79,83,9.41,CN,1704673332
317,shushenskoye,53.325,91.9356,-18.97,100,95,0.12,RU,1704673333
318,shimanovsk,52.0,127.7,-24.92,94,100,1.93,RU,1704673333
319,manokwari,-0.8667,134.0833,27.64,71,99,0.13,ID,1704673333
320,serdar,38.9764,56.2757,7.43,47,5,2.47,TM,1704673333
321,mersing,2.4312,103.8405,22.95,100,20,1.54,MY,1704673333
322,watford city,47.8022,-103.2832,-5.08,100,100,3.6,US,1704673203
323,andergrove,-21.0833,149.1833,29.8,75,100,3.83,AU,1704673333
324,kiama,-34.6833,150.8667,23.54,91,98,3.58,AU,1704673333
325,cabedelo,-6.9811,-34.8339,26.37,76,0,3.5,BR,1704673334
326,leticia,-4.2153,-69.9406,25.03,100,20,1.54,CO,1704673334
327,bontang,0.1333,117.5,25.62,87,100,3.03,ID,1704673334
328,sabzevar,36.2126,57.6819,3.83,46,0,0.81,IR,1704673334
329,elverum,60.8819,11.5623,-23.65,99,44,1.2,NO,1704673334
330,lamu,-2.2717,40.902,26.12,80,5,5.87,KE,1704673335
331,santa isabel,-23.3156,-46.2214,24.42,84,86,0.68,BR,1704673335
332,toamasina,-18.1667,49.3833,26.0,94,75,3.09,MG,1704673336
333,kudymkar,59.0173,54.656,-22.24,96,100,3.98,RU,1704673336
334,sandnessjoen,66.0217,12.6316,1.29,72,100,6.31,NO,1704673336
335,moab,38.5733,-109.5498,0.03,90,100,2.73,US,1704673336
336,mao,39.8885,4.2658,10.31,50,40,7.72,ES,1704673337
337,haiku-pauwela,20.9219,-156.3051,28.01,51,20,6.69,US,1704673338
338,kruisfontein,-34.0033,24.7314,17.71,87,100,3.0,ZA,1704673338
339,al bawiti,28.3492,28.8659,14.17,29,0,3.09,EG,1704673338
340,byron bay,-28.65,153.6167,27.62,76,97,3.49,AU,1704673338
341,antofagasta,-23.65,-70.4,20.6,79,34,2.77,CL,1704672963
342,boende,-0.2167,20.8667,22.36,87,76,1.0,CD,1704673338
343,surbo,40.3994,18.1331,12.79,87,0,3.09,IT,1704673339
344,mugia,43.1041,-9.2179,3.84,69,78,4.51,ES,1704673340
345,ghadamis,30.1337,9.5007,10.17,40,95,2.79,LY,1704673340
346,horta,38.5333,-28.6333,15.01,78,69,4.02,PT,1704673340
347,dashtobod,40.1269,68.4944,8.61,84,100,1.75,UZ,1704673340
348,wajir,1.7471,40.0573,26.2,52,6,6.07,KE,1704673340
349,nadym,65.5333,72.5167,-20.3,95,100,2.97,RU,1704673341
350,arfoud,31.4348,-4.2375,9.42,40,10,0.79,MA,1704673341
351,shubarshi,48.5872,57.1869,-7.43,83,68,4.59,KZ,1704673341
352,tazacorte,28.629,-17.9293,18.42,90,0,3.09,ES,1704673341
353,bichura,50.5881,107.6022,-17.42,97,81,1.48,RU,1704673341
354,taounate,34.5,-4.8333,8.93,62,25,0.29,MA,1704673341
355,hammerfest,70.6634,23.6821,-2.75,86,75,4.63,NO,1704673341
356,mitsamiouli,-11.3847,43.2844,27.47,74,34,1.54,KM,1704673342
357,kanye,-24.9667,25.3327,20.64,60,87,3.36,BW,1704673342
358,namtsy,62.7161,129.6658,-49.39,100,88,1.14,RU,1704673342
359,moyynkum,44.2914,72.9469,6.15,84,98,5.69,KZ,1704673342
360,saskatoon,52.1168,-106.6345,-17.79,77,100,5.14,CA,1704673222
361,al ghayzah,16.2079,52.176,19.46,33,19,6.4,YE,1704673342
362,santa rosalia,27.3167,-112.2833,18.63,37,5,8.8,MX,1704673343
363,siluko,6.5386,5.1609,24.79,99,5,0.85,NG,1704673343
364,flying fish cove,-10.4217,105.6791,25.82,94,100,2.57,CX,1704673343
365,cooma,-36.2333,149.1333,21.02,95,100,2.76,AU,1704673343
366,togur,58.3631,82.8265,-21.72,100,97,4.17,RU,1704673343
367,talbahat,25.05,78.4333,11.34,90,39,2.27,IN,1704673343
368,wailua homesteads,22.0669,-159.378,27.24,74,75,7.72,US,1704673343
369,tucacas,10.7906,-68.3258,25.83,86,83,4.66,VE,1704673343
370,andovoranto,-18.95,49.1,25.33,88,98,2.11,MG,1704673344
371,inderbor,48.55,51.7833,-9.03,69,50,6.03,KZ,1704673344
372,dudinka,69.4058,86.1778,-21.85,98,100,8.05,RU,1704673344
373,sona,45.4388,10.8255,7.91,95,75,1.54,IT,1704673344
374,ola,59.5833,151.2833,-31.8,89,19,3.08,RU,1704673344
375,suwayr,30.1171,40.3893,10.52,63,4,3.12,SA,1704673344
376,kimbe,-5.5502,150.1429,31.02,65,73,1.11,PG,1704673344
377,kasamwa,-2.85,32.4333,18.12,92,97,0.97,TZ,1704673344
378,mastic beach,40.7668,-72.8521,2.21,89,100,4.12,US,1704673344
379,chonchi,-42.6128,-73.8092,14.56,87,52,1.94,CL,1704673344
380,calbuco,-41.768,-73.1273,15.56,74,88,3.77,CL,1704673345
381,slave lake,55.2834,-114.769,-18.01,71,100,0.0,CA,1704673345
382,swift current,50.2834,-107.8014,-14.55,85,75,3.09,CA,1704673345
383,arkhangel'sk,64.5401,40.5433,-11.04,92,100,5.0,RU,1704673345
384,kisangani,0.5167,25.2,21.21,61,40,1.0,CD,1704673345
385,meadow lakes,61.6247,-149.6011,2.01,61,40,5.66,US,1704673345
386,bowen,-20.0167,148.2333,29.43,69,100,5.11,AU,1704673345
387,smara,26.7384,-11.6719,13.58,79,0,2.42,EH,1704673346
388,upington,-28.4478,21.2561,23.21,33,78,2.57,ZA,1704673346
389,port douglas,-16.4833,145.4667,29.1,73,96,2.58,AU,1704673346
390,barrouallie,13.2333,-61.2667,25.79,78,75,2.57,VC,1704673346
391,puttaparthi,14.1652,77.8117,20.54,90,69,2.4,IN,1704673346
392,bikenibeu village,1.3673,173.1241,28.56,76,99,5.93,KI,1704673346
393,guerrero negro,27.9769,-114.0611,16.01,70,17,10.78,MX,1704673346
394,cill airne,52.05,-9.5167,1.91,95,10,2.11,IE,1704673346
395,norwich,52.6278,1.2983,3.51,73,100,2.06,GB,1704673347
396,puerto armuelles,8.2833,-82.8667,29.99,80,61,2.73,PA,1704673347
397,zakamensk,50.3741,103.2863,-15.96,99,100,0.27,RU,1704673347
398,fortaleza,-3.7227,-38.5247,28.93,79,40,3.6,BR,1704673347
399,oromocto,45.8351,-66.4792,-2.38,77,100,6.71,CA,1704673347
400,kijang,35.2442,129.2139,-4.15,28,2,1.48,KR,1704673347
401,nizhnesortymskiy,62.4397,71.7603,-18.17,97,100,6.68,RU,1704673347
402,azadshahr,34.7909,48.5707,-4.73,63,0,2.06,IR,1704673347
403,tazovsky,67.4667,78.7,-26.6,100,47,2.76,RU,1704673348
404,akureyri,65.6835,-18.0878,6.96,65,0,8.75,IS,1704673348
405,saint-denis,48.9167,2.3333,1.08,74,100,6.69,FR,1704673348
406,zliten,32.4674,14.5687,11.98,54,78,6.55,LY,1704673348
407,kedrovyy,56.1667,91.8167,-24.52,99,55,2.03,RU,1704673348
408,imbituba,-28.24,-48.6703,23.27,93,8,5.68,BR,1704673239
409,dalnegorsk,44.5604,135.5701,-17.44,71,10,3.13,RU,1704673348
410,tsimasham,27.0989,89.536,1.04,81,23,2.45,BT,1704673348
411,broome,42.2506,-75.833,-0.72,93,100,3.6,US,1704673348
412,puerto deseado,-47.7503,-65.8938,13.28,64,84,14.46,AR,1704673349
413,wusterhausen,52.8912,12.4602,-0.61,78,73,4.48,DE,1704673349
414,anyksciai,55.5256,25.1026,-16.09,86,44,3.22,LT,1704673349
415,federacion,-31.0062,-57.8996,24.21,94,71,1.41,AR,1704673349
416,beau vallon,-20.4189,57.6953,25.13,88,40,0.0,MU,1704673349
417,moroni,-11.7022,43.2551,26.77,78,41,2.09,KM,1704673349
418,fiambala,-27.6871,-67.6149,26.71,56,0,4.51,AR,1704673349
419,lefka,35.1106,32.8506,15.04,82,98,2.35,CY,1704673349
420,rehoboth,-23.3167,17.0833,23.71,23,28,3.97,NA,1704673349
421,touros,-5.1989,-35.4608,27.13,75,65,3.8,BR,1704673349
422,selibaby,15.159,-12.1829,25.85,11,0,4.09,MR,1704673349
423,de aar,-30.6497,24.0123,20.38,50,94,5.62,ZA,1704673350
424,skeldon,5.8833,-57.1333,23.95,82,60,2.48,GY,1704673350
425,atamyrat,37.8357,65.2106,5.01,69,43,2.21,TM,1704673350
426,darwin,-12.4611,130.8418,30.5,83,99,0.89,AU,1704673053
427,nkhotakota,-12.9274,34.2961,23.2,87,100,2.07,MW,1704673350
428,aljezur,37.3191,-8.8033,9.33,61,7,1.12,PT,1704673350
429,gurupa,-1.405,-51.64,23.57,98,98,1.89,BR,1704673350
430,refahiye,39.9008,38.7667,-0.77,70,100,2.4,TR,1704673350
431,soure,-0.7167,-48.5233,26.56,82,100,4.06,BR,1704673350
432,rockland,41.1668,-74.0496,2.03,92,93,0.45,US,1704673350
433,miles city,46.4083,-105.8406,-3.46,86,100,5.66,US,1704673350
434,jerantut,3.936,102.3626,22.52,99,90,0.76,MY,1704673351
435,moundsville,39.9203,-80.7431,3.42,85,100,0.45,US,1704673351
436,alliance,40.9153,-81.1059,0.93,94,99,4.93,US,1704673289
437,kiiminki,65.1314,25.7974,-4.08,100,100,3.26,FI,1704673351
438,cookeville,36.1628,-85.5016,3.69,84,89,0.54,US,1704672776
439,ormara,25.2088,64.6357,21.58,64,44,4.08,PK,1704673351
440,ivnya,51.0629,36.1343,-16.38,89,100,5.77,RU,1704673351
441,nadi,-17.8,177.4167,31.0,66,40,6.17,FJ,1704673351
442,tateyama,34.9833,139.8667,8.39,49,12,8.56,JP,1704673351
443,sao vicente,-23.9631,-46.3919,28.48,49,60,4.02,BR,1704673351
444,beira,-19.8436,34.8389,24.05,100,0,0.51,MZ,1704673351
445,mitchell,43.7094,-98.0298,-6.81,79,100,4.63,US,1704673352
446,vung tau,10.346,107.0843,24.75,80,69,5.26,VN,1704673240
447,duba,27.3513,35.6901,23.66,46,0,1.21,SA,1704673352
448,garachico,28.7781,-17.7646,16.94,82,0,3.09,ES,1704673352
449,pontianak,-0.0333,109.3333,23.99,100,20,0.0,ID,1704673352
450,santa elena de uairen,4.6167,-61.1333,23.95,51,82,1.88,VE,1704673352
451,miringa,10.7312,12.1463,19.55,19,0,2.48,NG,1704673352
452,essaouira,31.5125,-9.77,9.72,81,3,1.03,MA,1704673258
453,keflavik,64.0049,-22.5624,8.24,100,100,11.83,IS,1704673352
454,skidaway island,31.9349,-81.0471,11.06,61,100,3.58,US,1704673352
455,hell-ville,-13.4,48.2667,28.31,74,100,2.38,MG,1704673352
456,sept-iles,50.2001,-66.3821,-11.0,63,20,3.6,CA,1704673352
457,greymouth,-42.4667,171.2,19.43,61,15,3.17,NZ,1704673353
458,bugul'ma,54.55,52.8,-25.83,99,40,3.24,RU,1704673353
459,campo largo,-25.4586,-49.5283,23.79,78,42,1.48,BR,1704673353
460,pudasjarvi,65.3833,26.9167,-7.69,96,100,3.51,FI,1704673353
461,brasileia,-11.0161,-68.7481,25.4,72,40,1.27,BR,1704673353
462,ixtapa,20.7,-105.2,24.57,73,100,3.09,MX,1704673062
463,zapolyarnyy,69.4154,30.8136,-4.4,89,92,8.03,RU,1704673284
464,demba,-5.51,22.2667,20.54,98,100,0.48,CD,1704673353
465,mili,6.0815,171.735,27.86,79,87,7.34,MH,1704673353
466,tugulym,57.0591,64.6425,-18.71,94,100,4.37,RU,1704673353
467,nantucket,41.2835,-70.0995,1.11,79,100,16.21,US,1704673302
468,bangassou,4.7413,22.8184,18.21,37,10,1.02,CF,1704673354
469,klyuchi,52.2667,79.1667,-0.35,96,100,10.03,RU,1704673354
470,tommot,58.9564,126.2925,-30.24,99,100,0.43,RU,1704673264
471,divnogorsk,55.9594,92.3619,-23.48,100,92,1.76,RU,1704673354
472,creel,27.75,-107.6333,4.98,42,0,10.12,MX,1704673354
473,qulsary,46.9531,54.0198,-1.96,74,99,5.49,KZ,1704673354
474,murudeshwara,14.0943,74.4845,23.93,78,37,3.07,IN,1704673354
475,kemijarvi,66.7131,27.4306,-10.92,97,100,2.01,FI,1704673354
476,pimentel,-6.8367,-79.9342,24.16,73,100,6.17,PE,1704673328
477,thurso,58.5927,-3.5259,1.14,73,63,0.87,GB,1704673354
478,mata-utu,-13.2816,-176.1745,28.79,75,100,5.06,WF,1704673355
479,borogontsy,62.6683,131.1683,-46.83,99,65,2.04,RU,1704673355
480,colares,38.7992,-9.4469,9.86,79,16,3.13,PT,1704673355
481,cururupu,-1.8283,-44.8683,23.74,94,100,1.24,BR,1704673355
482,kasongo,-4.45,26.6667,20.22,93,99,0.33,CD,1704673355
483,mammoth lakes,37.6485,-118.9721,-7.6,50,0,4.12,US,1704673197
484,itamaraca,-7.7478,-34.8256,28.03,78,0,3.24,BR,1704673355
485,mogocha,53.7333,119.7667,-28.46,96,93,1.33,RU,1704673355
486,kirakira,-10.4544,161.9205,29.52,73,38,1.81,SB,1704673355
487,waingapu,-9.6567,120.2641,28.87,73,97,1.25,ID,1704673355
488,clearlake,38.9582,-122.6264,10.75,55,78,2.13,US,1704673355
489,gurjaani,41.7429,45.8011,7.22,38,65,2.21,GE,1704673355
490,sechura,-5.5569,-80.8222,25.18,68,89,7.05,PE,1704673356
491,jiazi,22.8779,116.067,14.6,78,79,8.43,CN,1704673356
492,cabinda,-5.55,12.2,27.08,83,62,1.03,AO,1704673356
493,chegdomyn,51.1167,133.0167,-31.68,99,90,0.67,RU,1704673356
494,kharakvasla,18.4333,73.7667,19.27,55,5,2.39,IN,1704673356
495,aral,40.5156,81.2636,-2.11,42,1,1.39,CN,1704673356
496,kerikeri,-35.2268,173.9474,22.13,60,12,3.99,NZ,1704673356
497,vilyuysk,63.7553,121.6247,-33.17,98,100,2.15,RU,1704673356
498,tera,14.0078,0.7531,24.68,13,99,3.92,NE,1704673356
499,ilheus,-14.7889,-39.0494,26.9,89,40,1.03,BR,1704673357
500,gizo,-8.103,156.8419,28.66,74,64,2.01,SB,1704673357
501,hakui,36.8833,136.7833,1.79,68,97,5.25,JP,1704673357
502,kapa'a,22.0752,-159.319,27.99,74,75,7.72,US,1704673357
503,kelso,46.1468,-122.9084,6.98,94,100,2.06,US,1704673074
504,nuuk,64.1835,-51.7216,-3.66,80,100,7.72,GL,1704673357
505,mil'kovo,55.6078,37.7956,-23.3,95,6,2.1,RU,1704673357
506,mont-dore,-22.2833,166.5833,28.33,99,80,5.64,NC,1704673357
507,tarauaca,-8.1614,-70.7656,25.41,78,63,0.52,BR,1704673357
508,sarai sidhu,30.5949,71.9698,9.51,39,10,0.96,PK,1704673357
509,nova vicosa,-17.8919,-39.3719,25.24,87,97,2.08,BR,1704673176
510,al hasakah,36.5024,40.7477,10.13,57,100,2.43,SY,1704673357
511,belyy yar,53.6039,91.3903,-14.06,92,100,0.0,RU,1704673358
512,kingston,17.997,-76.7936,27.53,86,20,3.09,JM,1704673358
513,kupang,-10.1667,123.5833,30.32,89,40,1.54,ID,1704673358
514,abu jibeha,11.4562,31.2285,21.34,24,2,2.09,SD,1704673358
515,boguchany,58.3814,97.4531,-27.86,100,71,1.34,RU,1704673358
516,muli,2.9167,73.5667,27.67,72,90,3.69,MV,1704673358
517,mwene-ditu,-7.0,23.45,19.81,96,100,1.36,CD,1704673358
518,nizhniy kuranakh,58.8353,125.4869,-23.95,99,100,0.93,RU,1704673358
519,dalandzadgad,43.5708,104.425,-10.28,74,34,0.52,MN,1704673358
520,bamboo flat,11.7,92.7167,25.76,79,4,4.85,IN,1704673358
521,vikulovo,56.8167,70.6107,-4.17,96,100,4.09,RU,1704673358
522,hasaki,35.7333,140.8333,4.22,47,1,6.85,JP,1704673358
523,juigalpa,12.1063,-85.3645,26.44,65,58,4.57,NI,1704673358
524,tokoroa,-38.2333,175.8667,25.61,41,49,1.4,NZ,1704673359
525,popondetta,-8.7537,148.2534,32.28,57,99,1.33,PG,1704673359
526,makoua,0.0069,15.6333,23.38,78,76,1.05,CG,1704673359
527,saint-louis,16.3333,-15.0,21.8,10,0,4.42,SN,1704673359
528,breisach am rhein,48.0333,7.5833,0.45,85,100,8.75,DE,1704673359
529,wangkui,46.8333,126.5,-20.23,91,89,5.26,CN,1704673359
530,laayoune,27.1622,-13.2032,15.19,94,0,3.6,EH,1704673359
531,um jar al gharbiyya,13.8013,32.4078,22.02,26,2,3.99,SD,1704673359
532,alice springs,-23.7,133.8833,28.75,70,1,4.49,AU,1704673264
533,great falls,47.5002,-111.3008,-10.18,82,75,1.54,US,1704673286
534,inirida,3.8653,-67.9239,26.33,65,49,0.55,CO,1704673359
535,babina,25.25,78.4667,10.79,90,22,2.33,IN,1704673359
536,kittila,67.6647,24.8936,-5.92,93,75,3.09,FI,1704673359
537,dali,25.7,100.1833,2.94,81,0,1.26,CN,1704673359
538,mujiayingzi,42.1167,118.7833,-11.84,75,81,3.4,CN,1704673360
539,sao felix do xingu,-6.6447,-51.995,23.73,93,92,0.12,BR,1704673360
540,kristiansund,63.1115,7.732,3.36,81,100,5.14,NO,1704673360
541,pacific grove,36.6177,-121.9166,13.47,63,0,6.71,US,1704673360
542,stephenville,32.2207,-98.2023,13.07,52,0,5.66,US,1704673081
543,zhob,31.3411,69.4481,5.54,57,2,0.36,PK,1704673360
544,manghit,42.1156,60.0597,-1.01,80,27,3.89,UZ,1704673360
545,qarchi gak,37.04,66.7889,7.97,66,100,4.46,AF,1704673360
546,sydney,-33.8679,151.2073,26.84,70,0,3.6,AU,1704673200
547,jianshui,23.6363,102.8264,10.68,94,40,0.55,CN,1704673360
548,pader palwo,2.8006,33.135,26.62,37,91,2.0,UG,1704673360
549,alo,7.4178,6.7371,26.3,21,4,1.44,NG,1704673360
550,ban selaphum,16.0167,103.95,18.01,84,12,2.54,TH,1704673360
551,nefteyugansk,61.0998,72.6035,-15.19,96,100,5.28,RU,1704673361
552,spring creek,40.7266,-115.5859,-5.06,91,100,3.94,US,1704673361
553,fada,9.5667,8.3,19.66,17,0,2.75,NG,1704673361
554,manismata,-2.4667,111.0333,24.65,96,97,0.89,ID,1704673361
555,mezhdurechenskiy,59.6,65.9333,-17.89,97,99,2.25,RU,1704673361
556,khandyga,62.6667,135.6,-49.42,100,96,0.95,RU,1704673361
557,usogorsk,63.4106,48.6872,-14.63,97,98,2.93,RU,1704673361
558,kenai,60.5544,-151.2583,0.64,99,100,0.0,US,1704673361
559,buka,40.8108,69.1986,8.67,84,100,1.27,UZ,1704673361
560,havre,49.5833,0.3333,0.87,80,75,7.2,FR,1704673361
561,magadan,59.5667,150.8,-31.65,83,8,2.58,RU,1704673195
562,chimore,-16.9833,-65.1333,26.15,86,50,1.01,BO,1704673361
563,kismayo,-0.3582,42.5454,26.64,75,16,7.36,SO,1704673362
564,kandi,11.1342,2.9386,23.83,13,5,2.41,BJ,1704673362
565,karpinsk,59.7654,60.0085,-18.12,97,100,2.07,RU,1704673362
566,cockburn town,21.4612,-71.1419,25.79,77,5,5.52,TC,1704673077
567,penzance,50.1186,-5.5371,1.38,75,20,6.49,GB,1704673362
568,sebdou,34.637,-1.3314,-0.39,47,2,2.49,DZ,1704673362
569,salekhard,66.53,66.6019,-31.19,100,90,0.95,RU,1704673362
570,egilsstadir,65.2653,-14.3948,4.95,70,0,2.06,IS,1704673362
571,north bend,43.4065,-124.2243,8.42,76,75,8.75,US,1704673362
572,bam,29.106,58.357,7.15,42,0,2.38,IR,1704673362
573,yuzhno-kurilsk,44.0306,145.8556,-1.46,79,78,5.9,RU,1704673362
574,moron,-34.6534,-58.6198,21.86,85,92,1.34,AR,1704673362
575,mahanoro,-19.9,48.8,24.84,87,98,1.34,MG,1704673362
576,yoko,5.5333,12.3167,17.49,26,46,1.29,CM,1704673362
577,police,53.5521,14.5718,-4.89,82,8,2.68,PL,1704673362
578,rio tuba,8.5061,117.4317,27.74,79,92,7.14,PH,1704673362
579,khorugh,37.4897,71.553,-3.74,46,100,1.01,TJ,1704673363
580,opuwo,-18.0607,13.84,21.08,78,100,0.47,NA,1704673363
581,ilhabela,-23.7781,-45.3581,23.91,91,5,3.73,BR,1704673363
582,dickinson,29.4608,-95.0513,13.42,80,0,5.14,US,1704673363
583,tshabong,-26.05,22.45,26.13,48,37,3.35,BW,1704673363
584,tindouf,27.6711,-8.1474,13.25,41,0,2.06,DZ,1704673363
585,viqueque,-8.8673,126.3658,30.01,66,100,0.98,TL,1704673363
586,pirapora,-17.345,-44.9419,22.99,92,44,1.66,BR,1704673177
587,sabha,27.0377,14.4283,11.47,24,1,2.18,LY,1704673363
588,paracuru,-3.41,-39.0306,28.39,78,83,4.84,BR,1704673363
589,mount gambier,-37.8333,140.7667,17.04,86,100,5.45,AU,1704673363
590,oyotun,-6.8519,-79.3036,24.83,76,93,2.4,PE,1704673363
591,dynow,49.8151,22.2339,-5.9,93,100,5.85,PL,1704673363
592,erenhot,43.6475,111.9767,-10.48,84,100,2.35,CN,1704673363
593,nizhneudinsk,54.9076,99.0276,-21.17,98,19,1.58,RU,1704673363
594,hajin,34.6927,40.827,12.59,46,100,4.25,SY,1704673364
